id;title;content;created_date
1;status briskly;than if;2025-02-06T17:53:05
2;apud;till toward;2025-02-06T17:16:05
3;mmm quick-witted awkwardly;conceal unhealthy;2025-02-07T08:48:10
4;fiercely obnoxiously;upliftingly;2025-02-07T02:12:31
5;which pace;very amongst lid;2025-02-07T12:53:06
6;hospitalization zesty;motor fussy up;2025-02-07T09:36:31
7;that if duh;chilly famously quick-witted;2025-02-07T15:33:09
8;awkwardly;more hence;2025-02-07T10:14:13
9;a emulsify;jovially consequently pish;2025-02-07T04:26:15
10;psst rebuff;peter;2025-02-06T17:44:39
